INSERT INTO country (id, name) VALUES (1, 'Colombia');
INSERT INTO country (id, name) VALUES (2, 'Afganistán');
INSERT INTO country (id, name) VALUES (3, 'Albania');
INSERT INTO country (id, name) VALUES (4, 'Alemania');
INSERT INTO country (id, name) VALUES (5, 'Andorra');
INSERT INTO country (id, name) VALUES (6, 'Angola');
INSERT INTO country (id, name) VALUES (7, 'Antigua y Barbuda');
INSERT INTO country (id, name) VALUES (8, 'Arabia Saudita');
INSERT INTO country (id, name) VALUES (9, 'Argelia');
INSERT INTO country (id, name) VALUES (10, 'Argentina');
INSERT INTO country (id, name) VALUES (11, 'Armenia');
INSERT INTO country (id, name) VALUES (12, 'Australia');
INSERT INTO country (id, name) VALUES (13, 'Austria');
INSERT INTO country (id, name) VALUES (14, 'Azerbaiyán');
INSERT INTO country (id, name) VALUES (15, 'Bahamas');
INSERT INTO country (id, name) VALUES (16, 'Bangladés');
INSERT INTO country (id, name) VALUES (17, 'Barbados');
INSERT INTO country (id, name) VALUES (18, 'Baréin');
INSERT INTO country (id, name) VALUES (19, 'Bélgica');
INSERT INTO country (id, name) VALUES (20, 'Belice');
INSERT INTO country (id, name) VALUES (21, 'Benín');
INSERT INTO country (id, name) VALUES (22, 'Bielorrusia');
INSERT INTO country (id, name) VALUES (23, 'Birmania');
INSERT INTO country (id, name) VALUES (24, 'Bolivia');
INSERT INTO country (id, name) VALUES (25, 'Bosnia y Herzegovina');
INSERT INTO country (id, name) VALUES (26, 'Botsuana');
INSERT INTO country (id, name) VALUES (27, 'Brasil');
INSERT INTO country (id, name) VALUES (28, 'Brunéi');
INSERT INTO country (id, name) VALUES (29, 'Bulgaria');
INSERT INTO country (id, name) VALUES (30, 'Burkina Faso');
INSERT INTO country (id, name) VALUES (31, 'Burundi');
INSERT INTO country (id, name) VALUES (32, 'Bután');
INSERT INTO country (id, name) VALUES (33, 'Cabo Verde');
INSERT INTO country (id, name) VALUES (34, 'Camboya');
INSERT INTO country (id, name) VALUES (35, 'Camerún');
INSERT INTO country (id, name) VALUES (36, 'Canadá');
INSERT INTO country (id, name) VALUES (37, 'Catar');
INSERT INTO country (id, name) VALUES (38, 'Chad');
INSERT INTO country (id, name) VALUES (39, 'Chile');
INSERT INTO country (id, name) VALUES (40, 'China');
INSERT INTO country (id, name) VALUES (41, 'Chipre');
INSERT INTO country (id, name) VALUES (42, 'Ciudad del Vaticano');
INSERT INTO country (id, name) VALUES (43, 'Comoras');
INSERT INTO country (id, name) VALUES (44, 'Corea del Norte');
INSERT INTO country (id, name) VALUES (45, 'Corea del Sur');
INSERT INTO country (id, name) VALUES (46, 'Costa de Marfil');
INSERT INTO country (id, name) VALUES (47, 'Costa Rica');
INSERT INTO country (id, name) VALUES (48, 'Croacia');
INSERT INTO country (id, name) VALUES (49, 'Cuba');
INSERT INTO country (id, name) VALUES (50, 'Dinamarca');
INSERT INTO country (id, name) VALUES (51, 'Dominica');
INSERT INTO country (id, name) VALUES (52, 'Ecuador');
INSERT INTO country (id, name) VALUES (53, 'Egipto');
INSERT INTO country (id, name) VALUES (54, 'El Salvador');
INSERT INTO country (id, name) VALUES (55, 'Emiratos Árabes Unidos');
INSERT INTO country (id, name) VALUES (56, 'Eritrea');
INSERT INTO country (id, name) VALUES (57, 'Eslovaquia');
INSERT INTO country (id, name) VALUES (58, 'Eslovenia');
INSERT INTO country (id, name) VALUES (59, 'España');
INSERT INTO country (id, name) VALUES (60, 'Estados Unidos');
INSERT INTO country (id, name) VALUES (61, 'Estonia');
INSERT INTO country (id, name) VALUES (62, 'Etiopía');
INSERT INTO country (id, name) VALUES (63, 'Filipinas');
INSERT INTO country (id, name) VALUES (64, 'Finlandia');
INSERT INTO country (id, name) VALUES (65, 'Fiyi');
INSERT INTO country (id, name) VALUES (66, 'Francia');
INSERT INTO country (id, name) VALUES (67, 'Gabón');
INSERT INTO country (id, name) VALUES (68, 'Gambia');
INSERT INTO country (id, name) VALUES (69, 'Georgia');
INSERT INTO country (id, name) VALUES (70, 'Ghana');
INSERT INTO country (id, name) VALUES (71, 'Granada');
INSERT INTO country (id, name) VALUES (72, 'Grecia');
INSERT INTO country (id, name) VALUES (73, 'Guatemala');
INSERT INTO country (id, name) VALUES (74, 'Guyana');
INSERT INTO country (id, name) VALUES (75, 'Guinea');
INSERT INTO country (id, name) VALUES (76, 'Guinea-Bisáu');
INSERT INTO country (id, name) VALUES (77, 'Guinea Ecuatorial');
INSERT INTO country (id, name) VALUES (78, 'Haití');
INSERT INTO country (id, name) VALUES (79, 'Honduras');
INSERT INTO country (id, name) VALUES (80, 'Hungría');
INSERT INTO country (id, name) VALUES (81, 'India');
INSERT INTO country (id, name) VALUES (82, 'Indonesia');
INSERT INTO country (id, name) VALUES (83, 'Irak');
INSERT INTO country (id, name) VALUES (84, 'Irán');
INSERT INTO country (id, name) VALUES (85, 'Irlanda');
INSERT INTO country (id, name) VALUES (86, 'Islandia');
INSERT INTO country (id, name) VALUES (87, 'Islas Marshall');
INSERT INTO country (id, name) VALUES (88, 'Islas Salomón');
INSERT INTO country (id, name) VALUES (89, 'Israel');
INSERT INTO country (id, name) VALUES (90, 'Italia');
INSERT INTO country (id, name) VALUES (91, 'Jamaica');
INSERT INTO country (id, name) VALUES (92, 'Japón');
INSERT INTO country (id, name) VALUES (93, 'Jordania');
INSERT INTO country (id, name) VALUES (94, 'Kazajistán');
INSERT INTO country (id, name) VALUES (95, 'Kenia');
INSERT INTO country (id, name) VALUES (96, 'Kirguistán');
INSERT INTO country (id, name) VALUES (97, 'Kiribati');
INSERT INTO country (id, name) VALUES (98, 'Kuwait');
INSERT INTO country (id, name) VALUES (99, 'Laos');
INSERT INTO country (id, name) VALUES (100, 'Lesoto');
INSERT INTO country (id, name) VALUES (101, 'Letonia');
INSERT INTO country (id, name) VALUES (102, 'Líbano');
INSERT INTO country (id, name) VALUES (103, 'Liberia');
INSERT INTO country (id, name) VALUES (104, 'Libia');
INSERT INTO country (id, name) VALUES (105, 'Liechtenstein');
INSERT INTO country (id, name) VALUES (106, 'Lituania');
INSERT INTO country (id, name) VALUES (107, 'Luxemburgo');
INSERT INTO country (id, name) VALUES (108, 'Madagascar');
INSERT INTO country (id, name) VALUES (109, 'Malasia');
INSERT INTO country (id, name) VALUES (110, 'Malaui');
INSERT INTO country (id, name) VALUES (111, 'Maldivas');
INSERT INTO country (id, name) VALUES (112, 'Malí');
INSERT INTO country (id, name) VALUES (113, 'Malta');
INSERT INTO country (id, name) VALUES (114, 'Marruecos');
INSERT INTO country (id, name) VALUES (115, 'Mauricio');
INSERT INTO country (id, name) VALUES (116, 'Mauritania');
INSERT INTO country (id, name) VALUES (117, 'México');
INSERT INTO country (id, name) VALUES (118, 'Micronesia');
INSERT INTO country (id, name) VALUES (119, 'Moldavia');
INSERT INTO country (id, name) VALUES (120, 'Mónaco');
INSERT INTO country (id, name) VALUES (121, 'Mongolia');
INSERT INTO country (id, name) VALUES (122, 'Montenegro');
INSERT INTO country (id, name) VALUES (123, 'Mozambique');
INSERT INTO country (id, name) VALUES (124, 'Namibia');
INSERT INTO country (id, name) VALUES (125, 'Nauru');
INSERT INTO country (id, name) VALUES (126, 'Nepal');
INSERT INTO country (id, name) VALUES (127, 'Nicaragua');
INSERT INTO country (id, name) VALUES (128, 'Níger');
INSERT INTO country (id, name) VALUES (129, 'Nigeria');
INSERT INTO country (id, name) VALUES (130, 'Noruega');
INSERT INTO country (id, name) VALUES (131, 'Nueva Zelanda');
INSERT INTO country (id, name) VALUES (132, 'Omán');
INSERT INTO country (id, name) VALUES (133, 'Países Bajos');
INSERT INTO country (id, name) VALUES (134, 'Pakistán');
INSERT INTO country (id, name) VALUES (135, 'Palaos');
INSERT INTO country (id, name) VALUES (136, 'Panamá');
INSERT INTO country (id, name) VALUES (137, 'Papúa Nueva Guinea');
INSERT INTO country (id, name) VALUES (138, 'Paraguay');
INSERT INTO country (id, name) VALUES (139, 'Perú');
INSERT INTO country (id, name) VALUES (140, 'Polonia');
INSERT INTO country (id, name) VALUES (141, 'Portugal');
INSERT INTO country (id, name) VALUES (142, 'Reino Unido de Gran Bretaña e Irlanda del Norte');
INSERT INTO country (id, name) VALUES (143, 'República Centroafricana');
INSERT INTO country (id, name) VALUES (144, 'República Checa');
INSERT INTO country (id, name) VALUES (145, 'República de Macedonia');
INSERT INTO country (id, name) VALUES (146, 'República del Congo');
INSERT INTO country (id, name) VALUES (147, 'República Democrática del Congo');
INSERT INTO country (id, name) VALUES (148, 'República Dominicana');
INSERT INTO country (id, name) VALUES (149, 'República Sudafricana');
INSERT INTO country (id, name) VALUES (150, 'Ruanda');
INSERT INTO country (id, name) VALUES (151, 'Rumanía');
INSERT INTO country (id, name) VALUES (152, 'Rusia');
INSERT INTO country (id, name) VALUES (153, 'Samoa');
INSERT INTO country (id, name) VALUES (154, 'San Cristóbal y Nieves');
INSERT INTO country (id, name) VALUES (155, 'San Marino');
INSERT INTO country (id, name) VALUES (156, 'San Vicente y las Granadinas');
INSERT INTO country (id, name) VALUES (157, 'Santa Lucía');
INSERT INTO country (id, name) VALUES (158, 'Santo Tomé y Príncipe');
INSERT INTO country (id, name) VALUES (159, 'Senegal');
INSERT INTO country (id, name) VALUES (160, 'Serbia');
INSERT INTO country (id, name) VALUES (161, 'Seychelles');
INSERT INTO country (id, name) VALUES (162, 'Sierra Leona');
INSERT INTO country (id, name) VALUES (163, 'Singapur');
INSERT INTO country (id, name) VALUES (164, 'Siria');
INSERT INTO country (id, name) VALUES (165, 'Somalia');
INSERT INTO country (id, name) VALUES (166, 'Sri Lanka');
INSERT INTO country (id, name) VALUES (167, 'Suazilandia');
INSERT INTO country (id, name) VALUES (168, 'Sudán');
INSERT INTO country (id, name) VALUES (169, 'Sudán del Sur');
INSERT INTO country (id, name) VALUES (170, 'Suecia');
INSERT INTO country (id, name) VALUES (171, 'Suiza');
INSERT INTO country (id, name) VALUES (172, 'Surinam');
INSERT INTO country (id, name) VALUES (173, 'Tailandia');
INSERT INTO country (id, name) VALUES (174, 'Tanzania');
INSERT INTO country (id, name) VALUES (175, 'Tayikistán');
INSERT INTO country (id, name) VALUES (176, 'Timor Oriental');
INSERT INTO country (id, name) VALUES (177, 'Togo');
INSERT INTO country (id, name) VALUES (178, 'Tonga');
INSERT INTO country (id, name) VALUES (179, 'Trinidad y Tobago');
INSERT INTO country (id, name) VALUES (180, 'Túnez');
INSERT INTO country (id, name) VALUES (181, 'Turkmenistán');
INSERT INTO country (id, name) VALUES (182, 'Turquía');
INSERT INTO country (id, name) VALUES (183, 'Tuvalu');
INSERT INTO country (id, name) VALUES (184, 'Ucrania');
INSERT INTO country (id, name) VALUES (185, 'Uganda');
INSERT INTO country (id, name) VALUES (186, 'Uruguay');
INSERT INTO country (id, name) VALUES (187, 'Uzbekistán');
INSERT INTO country (id, name) VALUES (188, 'Vanuatu');
INSERT INTO country (id, name) VALUES (189, 'Venezuela');
INSERT INTO country (id, name) VALUES (190, 'Vietnam');
INSERT INTO country (id, name) VALUES (191, 'Yemen');
INSERT INTO country (id, name) VALUES (192, 'Yibuti');
INSERT INTO country (id, name) VALUES (193, 'Zambia');
INSERT INTO country (id, name) VALUES (194, 'Zimbabue');
INSERT INTO city (id, name, country) VALUES (1, 'Bogotá', 1);
INSERT INTO city (id, name, country) VALUES (2, 'Medellín', 1);
INSERT INTO city (id, name, country) VALUES (3, 'Cali', 1);
INSERT INTO city (id, name, country) VALUES (4, 'Barranquilla', 1);
INSERT INTO city (id, name, country) VALUES (5, 'Cartagena', 1);
INSERT INTO city (id, name, country) VALUES (6, 'Cúcuta', 1);
INSERT INTO city (id, name, country) VALUES (7, 'Soledad', 1);
INSERT INTO city (id, name, country) VALUES (8, 'Ibagué', 1);
INSERT INTO city (id, name, country) VALUES (9, 'Soacha', 1);
INSERT INTO city (id, name, country) VALUES (10, 'Bucaramanga', 1);
INSERT INTO city (id, name, country) VALUES (11, 'Villavicencio', 1);
INSERT INTO city (id, name, country) VALUES (12, 'Santa Marta', 1);
INSERT INTO city (id, name, country) VALUES (13, 'Pereira', 1);
INSERT INTO city (id, name, country) VALUES (14, 'Bello', 1);
INSERT INTO city (id, name, country) VALUES (15, 'Valledupar', 1);
INSERT INTO city (id, name, country) VALUES (16, 'Montería', 1);
INSERT INTO city (id, name, country) VALUES (17, 'Pasto', 1);
INSERT INTO city (id, name, country) VALUES (18, 'Buenaventura', 1);
INSERT INTO city (id, name, country) VALUES (19, 'Manizales', 1);
INSERT INTO city (id, name, country) VALUES (20, 'Neiva', 1);
INSERT INTO city (id, name, country) VALUES (21, 'Palmira', 1);
INSERT INTO city (id, name, country) VALUES (22, 'Armenia', 1);
INSERT INTO city (id, name, country) VALUES (23, 'Sincelejo', 1);
INSERT INTO city (id, name, country) VALUES (24, 'Popayán', 1);
INSERT INTO city (id, name, country) VALUES (25, 'Riohacha', 1);
INSERT INTO city (id, name, country) VALUES (26, 'Itaguí', 1);
INSERT INTO city (id, name, country) VALUES (27, 'Floridablanca', 1);
INSERT INTO city (id, name, country) VALUES (28, 'Envigado', 1);
INSERT INTO city (id, name, country) VALUES (29, 'Tuluá', 1);
INSERT INTO city (id, name, country) VALUES (30, 'Tumaco', 1);
INSERT INTO city (id, name, country) VALUES (31, 'Dosquebradas', 1);
INSERT INTO city (id, name, country) VALUES (32, 'Tunja', 1);
INSERT INTO city (id, name, country) VALUES (33, 'Barrancabermeja', 1);
INSERT INTO city (id, name, country) VALUES (34, 'Girón', 1);
INSERT INTO city (id, name, country) VALUES (35, 'Apartadó', 1);
INSERT INTO city (id, name, country) VALUES (36, 'Uribia', 1);
INSERT INTO city (id, name, country) VALUES (37, 'Florencia', 1);
INSERT INTO city (id, name, country) VALUES (38, 'Turbo', 1);
INSERT INTO city (id, name, country) VALUES (39, 'Maicao', 1);
INSERT INTO city (id, name, country) VALUES (40, 'Piedecuesta', 1);
INSERT INTO city (id, name, country) VALUES (41, 'Yopal', 1);
INSERT INTO city (id, name, country) VALUES (42, 'Ipiales', 1);
INSERT INTO city (id, name, country) VALUES (43, 'Fusagasugá', 1);
INSERT INTO city (id, name, country) VALUES (44, 'Facatativá', 1);
INSERT INTO city (id, name, country) VALUES (45, 'Cartago', 1);
INSERT INTO city (id, name, country) VALUES (46, 'Chía', 1);
INSERT INTO city (id, name, country) VALUES (47, 'Pitalito', 1);
INSERT INTO city (id, name, country) VALUES (48, 'Zipaquirá', 1);
INSERT INTO city (id, name, country) VALUES (49, 'Malambo', 1);
INSERT INTO city (id, name, country) VALUES (50, 'Jamundí', 1);
INSERT INTO city (id, name, country) VALUES (51, 'Rionegro', 1);
INSERT INTO city (id, name, country) VALUES (52, 'Magangué', 1);
INSERT INTO city (id, name, country) VALUES (53, 'Yumbo', 1);
INSERT INTO city (id, name, country) VALUES (54, 'Lorica', 1);
INSERT INTO city (id, name, country) VALUES (55, 'Caucasia', 1);
INSERT INTO city (id, name, country) VALUES (56, 'Quibdó', 1);
INSERT INTO city (id, name, country) VALUES (57, 'Buga', 1);
INSERT INTO city (id, name, country) VALUES (58, 'Duitama', 1);
INSERT INTO city (id, name, country) VALUES (59, 'Sogamoso', 1);
INSERT INTO city (id, name, country) VALUES (60, 'Manaure', 1);
INSERT INTO city (id, name, country) VALUES (61, 'Girardot', 1);
INSERT INTO city (id, name, country) VALUES (62, 'Ciénaga', 1);
INSERT INTO city (id, name, country) VALUES (63, 'Tierralta', 1);
INSERT INTO city (id, name, country) VALUES (64, 'Sabanalarga', 1);
INSERT INTO city (id, name, country) VALUES (65, 'Ocaña', 1);
INSERT INTO city (id, name, country) VALUES (66, 'Santander de Quilichao', 1);
INSERT INTO city (id, name, country) VALUES (67, 'Aguachica', 1);
INSERT INTO city (id, name, country) VALUES (68, 'Cereté', 1);
INSERT INTO city (id, name, country) VALUES (69, 'Villa del Rosario', 1);
INSERT INTO city (id, name, country) VALUES (70, 'Garzón', 1);
INSERT INTO city (id, name, country) VALUES (71, 'Arauca', 1);
INSERT INTO city (id, name, country) VALUES (72, 'Sahagún', 1);
INSERT INTO city (id, name, country) VALUES (73, 'Mosquera', 1);
INSERT INTO city (id, name, country) VALUES (74, 'Montelíbano', 1);
INSERT INTO city (id, name, country) VALUES (75, 'Candelaria', 1);
INSERT INTO city (id, name, country) VALUES (76, 'Madrid', 1);
INSERT INTO city (id, name, country) VALUES (77, 'Chigorodó', 1);
INSERT INTO city (id, name, country) VALUES (78, 'Caldas', 1);
INSERT INTO city (id, name, country) VALUES (79, 'Los Patios', 1);
INSERT INTO city (id, name, country) VALUES (80, 'Calarcá', 1);
INSERT INTO city (id, name, country) VALUES (81, 'Funza', 1);
INSERT INTO city (id, name, country) VALUES (82, 'La Dorada', 1);
INSERT INTO city (id, name, country) VALUES (83, 'El Carmen de Bolívar', 1);
INSERT INTO city (id, name, country) VALUES (84, 'Espinal', 1);
INSERT INTO city (id, name, country) VALUES (85, 'Arjona', 1);
INSERT INTO city (id, name, country) VALUES (86, 'Turbaco', 1);
INSERT INTO city (id, name, country) VALUES (87, 'Santa Rosa de Cabal', 1);
INSERT INTO city (id, name, country) VALUES (88, 'San Andrés', 1);
INSERT INTO city (id, name, country) VALUES (89, 'Acacías', 1);
INSERT INTO city (id, name, country) VALUES (90, 'Copacabana', 1);
INSERT INTO city (id, name, country) VALUES (91, 'San Vicente del Caguán', 1);
INSERT INTO city (id, name, country) VALUES (92, 'Planeta Rica', 1);
INSERT INTO city (id, name, country) VALUES (93, 'Chiquinquirá', 1);
INSERT INTO city (id, name, country) VALUES (94, 'Ciénaga de Oro', 1);
INSERT INTO city (id, name, country) VALUES (95, 'San José del Guaviare', 1);
INSERT INTO city (id, name, country) VALUES (96, 'Necoclí', 1);
INSERT INTO city (id, name, country) VALUES (97, 'La Plata', 1);
INSERT INTO city (id, name, country) VALUES (98, 'Granada', 1);
INSERT INTO city (id, name, country) VALUES (99, 'La Estrella', 1);
INSERT INTO city (id, name, country) VALUES (100, 'Corozal', 1);
INSERT INTO city (id, name, country) VALUES (101, 'Riosucio', 1);
INSERT INTO city (id, name, country) VALUES (102, 'Puerto Asís', 1);
INSERT INTO city (id, name, country) VALUES (103, 'Zona Bananera', 1);
INSERT INTO city (id, name, country) VALUES (104, 'Plato', 1);
INSERT INTO city (id, name, country) VALUES (105, 'Cajicá', 1);
INSERT INTO city (id, name, country) VALUES (106, 'Baranoa', 1);
INSERT INTO city (id, name, country) VALUES (107, 'Carepa', 1);
INSERT INTO city (id, name, country) VALUES (108, 'Florida', 1);
INSERT INTO city (id, name, country) VALUES (109, 'San Marcos', 1);
INSERT INTO city (id, name, country) VALUES (110, 'Villamaría', 1);
INSERT INTO city (id, name, country) VALUES (111, 'Pamplona', 1);
INSERT INTO city (id, name, country) VALUES (112, 'El Cerrito', 1);
INSERT INTO city (id, name, country) VALUES (113, 'Fundación', 1);
INSERT INTO city (id, name, country) VALUES (114, 'Girardota', 1);
INSERT INTO city (id, name, country) VALUES (115, 'Pradera', 1);
INSERT INTO city (id, name, country) VALUES (116, 'Puerto Boyacá', 1);
INSERT INTO city (id, name, country) VALUES (117, 'El Banco', 1);
INSERT INTO city (id, name, country) VALUES (118, 'Orito', 1);
INSERT INTO city (id, name, country) VALUES (119, 'Marinilla', 1);
INSERT INTO city (id, name, country) VALUES (120, 'La Ceja', 1);
INSERT INTO city (id, name, country) VALUES (121, 'Tame', 1);
INSERT INTO city (id, name, country) VALUES (122, 'Sabaneta', 1);
INSERT INTO city (id, name, country) VALUES (123, 'Ayapel', 1);
INSERT INTO city (id, name, country) VALUES (124, 'Valle del Guamuez', 1);
INSERT INTO city (id, name, country) VALUES (125, 'Barbosa', 1);
INSERT INTO city (id, name, country) VALUES (126, 'San Onofre', 1);
INSERT INTO city (id, name, country) VALUES (127, 'Chinchiná', 1);
INSERT INTO city (id, name, country) VALUES (128, 'Puerto Libertador', 1);
INSERT INTO city (id, name, country) VALUES (129, 'El Bagre', 1);
INSERT INTO city (id, name, country) VALUES (130, 'Agustín Codazzi', 1);
INSERT INTO city (id, name, country) VALUES (131, 'Kabul', 2);
INSERT INTO city (id, name, country) VALUES (132, 'Tirana', 3);
INSERT INTO city (id, name, country) VALUES (133, 'Berlín', 4);
INSERT INTO city (id, name, country) VALUES (134, 'Andorra la Vieja', 5);
INSERT INTO city (id, name, country) VALUES (135, 'Luanda', 6);
INSERT INTO city (id, name, country) VALUES (136, 'Saint John’s', 7);
INSERT INTO city (id, name, country) VALUES (137, 'Riad', 8);
INSERT INTO city (id, name, country) VALUES (138, 'Argel', 9);
INSERT INTO city (id, name, country) VALUES (139, 'Buenos Aires', 10);
INSERT INTO city (id, name, country) VALUES (140, 'Ereván', 11);
INSERT INTO city (id, name, country) VALUES (141, 'Camberra', 12);
INSERT INTO city (id, name, country) VALUES (142, 'Viena', 13);
INSERT INTO city (id, name, country) VALUES (143, 'Bakú', 14);
INSERT INTO city (id, name, country) VALUES (144, 'Nasáu', 15);
INSERT INTO city (id, name, country) VALUES (145, 'Daca', 16);
INSERT INTO city (id, name, country) VALUES (146, 'Bridgetown', 17);
INSERT INTO city (id, name, country) VALUES (147, 'Manama', 18);
INSERT INTO city (id, name, country) VALUES (148, 'Bruselas', 19);
INSERT INTO city (id, name, country) VALUES (149, 'Belmopán', 20);
INSERT INTO city (id, name, country) VALUES (150, 'Porto Novo y Cotonú', 21);
INSERT INTO city (id, name, country) VALUES (151, 'Minsk', 22);
INSERT INTO city (id, name, country) VALUES (152, 'Naipyidó', 23);
INSERT INTO city (id, name, country) VALUES (153, 'Sucre', 24);
INSERT INTO city (id, name, country) VALUES (154, 'Sarajevo', 25);
INSERT INTO city (id, name, country) VALUES (155, 'Gaborone', 26);
INSERT INTO city (id, name, country) VALUES (156, 'Brasilia', 27);
INSERT INTO city (id, name, country) VALUES (157, 'Bandar Seri Begawan', 28);
INSERT INTO city (id, name, country) VALUES (158, 'Sofía', 29);
INSERT INTO city (id, name, country) VALUES (159, 'Uagadugú', 30);
INSERT INTO city (id, name, country) VALUES (160, 'Buyumbura', 31);
INSERT INTO city (id, name, country) VALUES (161, 'Timbu', 32);
INSERT INTO city (id, name, country) VALUES (162, 'Praia', 33);
INSERT INTO city (id, name, country) VALUES (163, 'Nom Pen', 34);
INSERT INTO city (id, name, country) VALUES (164, 'Yaundé', 35);
INSERT INTO city (id, name, country) VALUES (165, 'Ottawa', 36);
INSERT INTO city (id, name, country) VALUES (166, 'Doha', 37);
INSERT INTO city (id, name, country) VALUES (167, 'Yamena', 38);
INSERT INTO city (id, name, country) VALUES (168, 'Santiago de Chile', 39);
INSERT INTO city (id, name, country) VALUES (169, 'Pekín', 40);
INSERT INTO city (id, name, country) VALUES (170, 'Nicosia', 41);
INSERT INTO city (id, name, country) VALUES (171, 'Ciudad del Vaticano', 42);
INSERT INTO city (id, name, country) VALUES (172, 'Moroni', 43);
INSERT INTO city (id, name, country) VALUES (173, 'Pionyang', 44);
INSERT INTO city (id, name, country) VALUES (174, 'Seúl', 45);
INSERT INTO city (id, name, country) VALUES (175, 'Yamusukro', 46);
INSERT INTO city (id, name, country) VALUES (176, 'San José', 47);
INSERT INTO city (id, name, country) VALUES (177, 'Zagreb', 48);
INSERT INTO city (id, name, country) VALUES (178, 'La Habana', 49);
INSERT INTO city (id, name, country) VALUES (179, 'Copenhague', 50);
INSERT INTO city (id, name, country) VALUES (180, 'Roseau', 51);
INSERT INTO city (id, name, country) VALUES (181, 'Quito', 52);
INSERT INTO city (id, name, country) VALUES (182, 'El Cairo', 53);
INSERT INTO city (id, name, country) VALUES (183, 'San Salvador', 54);
INSERT INTO city (id, name, country) VALUES (184, 'Abu Dabi', 55);
INSERT INTO city (id, name, country) VALUES (185, 'Asmara', 56);
INSERT INTO city (id, name, country) VALUES (186, 'Bratislava', 57);
INSERT INTO city (id, name, country) VALUES (187, 'Liubliana', 58);
INSERT INTO city (id, name, country) VALUES (188, 'Madrid', 59);
INSERT INTO city (id, name, country) VALUES (189, 'Washington DC', 60);
INSERT INTO city (id, name, country) VALUES (190, 'Tallin', 61);
INSERT INTO city (id, name, country) VALUES (191, 'Adís Abeba', 62);
INSERT INTO city (id, name, country) VALUES (192, 'Manila', 63);
INSERT INTO city (id, name, country) VALUES (193, 'Helsinki', 64);
INSERT INTO city (id, name, country) VALUES (194, 'Suva', 65);
INSERT INTO city (id, name, country) VALUES (195, 'París', 66);
INSERT INTO city (id, name, country) VALUES (196, 'Libreville', 67);
INSERT INTO city (id, name, country) VALUES (197, 'Banjul', 68);
INSERT INTO city (id, name, country) VALUES (198, 'Tiflis', 69);
INSERT INTO city (id, name, country) VALUES (199, 'Acra', 70);
INSERT INTO city (id, name, country) VALUES (200, 'Saint George', 71);
INSERT INTO city (id, name, country) VALUES (201, 'Atenas', 72);
INSERT INTO city (id, name, country) VALUES (202, 'Ciudad de Guatemala', 73);
INSERT INTO city (id, name, country) VALUES (203, 'Georgetown', 74);
INSERT INTO city (id, name, country) VALUES (204, 'Conakri', 75);
INSERT INTO city (id, name, country) VALUES (205, 'Bisáu', 76);
INSERT INTO city (id, name, country) VALUES (206, 'Malabo', 77);
INSERT INTO city (id, name, country) VALUES (207, 'Puerto Príncipe', 78);
INSERT INTO city (id, name, country) VALUES (208, 'Tegucigalpa', 79);
INSERT INTO city (id, name, country) VALUES (209, 'Budapest', 80);
INSERT INTO city (id, name, country) VALUES (210, 'Nueva Delhi', 81);
INSERT INTO city (id, name, country) VALUES (211, 'Yakarta', 82);
INSERT INTO city (id, name, country) VALUES (212, 'Bagdad', 83);
INSERT INTO city (id, name, country) VALUES (213, 'Teherán', 84);
INSERT INTO city (id, name, country) VALUES (214, 'Dublín', 85);
INSERT INTO city (id, name, country) VALUES (215, 'Reikiavik', 86);
INSERT INTO city (id, name, country) VALUES (216, 'Majuro', 87);
INSERT INTO city (id, name, country) VALUES (217, 'Honiara', 88);
INSERT INTO city (id, name, country) VALUES (218, 'Jerusalén', 89);
INSERT INTO city (id, name, country) VALUES (219, 'Roma', 90);
INSERT INTO city (id, name, country) VALUES (220, 'Kingston', 91);
INSERT INTO city (id, name, country) VALUES (221, 'Tokio', 92);
INSERT INTO city (id, name, country) VALUES (222, 'Amán', 93);
INSERT INTO city (id, name, country) VALUES (223, 'Astaná', 94);
INSERT INTO city (id, name, country) VALUES (224, 'Nairobi', 95);
INSERT INTO city (id, name, country) VALUES (225, 'Biskek', 96);
INSERT INTO city (id, name, country) VALUES (226, 'Tarawa', 97);
INSERT INTO city (id, name, country) VALUES (227, 'Kuwait', 98);
INSERT INTO city (id, name, country) VALUES (228, 'Vientián', 99);
INSERT INTO city (id, name, country) VALUES (229, 'Maseru', 100);
INSERT INTO city (id, name, country) VALUES (230, 'Riga', 101);
INSERT INTO city (id, name, country) VALUES (231, 'Beirut', 102);
INSERT INTO city (id, name, country) VALUES (232, 'Monrovia', 103);
INSERT INTO city (id, name, country) VALUES (233, 'Trípoli', 104);
INSERT INTO city (id, name, country) VALUES (234, 'Vaduz', 105);
INSERT INTO city (id, name, country) VALUES (235, 'Vilna', 106);
INSERT INTO city (id, name, country) VALUES (236, 'Luxemburgo', 107);
INSERT INTO city (id, name, country) VALUES (237, 'Antananarivo', 108);
INSERT INTO city (id, name, country) VALUES (238, 'Kuala Lumpur', 109);
INSERT INTO city (id, name, country) VALUES (239, 'Lilongüe', 110);
INSERT INTO city (id, name, country) VALUES (240, 'Malé', 111);
INSERT INTO city (id, name, country) VALUES (241, 'Bamako', 112);
INSERT INTO city (id, name, country) VALUES (242, 'La Valeta', 113);
INSERT INTO city (id, name, country) VALUES (243, 'Rabat', 114);
INSERT INTO city (id, name, country) VALUES (244, 'Port-Louis', 115);
INSERT INTO city (id, name, country) VALUES (245, 'Nuakchot', 116);
INSERT INTO city (id, name, country) VALUES (246, 'Ciudad de México', 117);
INSERT INTO city (id, name, country) VALUES (247, 'Palikir', 118);
INSERT INTO city (id, name, country) VALUES (248, 'Chisináu', 119);
INSERT INTO city (id, name, country) VALUES (249, 'Mónaco', 120);
INSERT INTO city (id, name, country) VALUES (250, 'Ulán Bator', 121);
INSERT INTO city (id, name, country) VALUES (251, 'Podgorica', 122);
INSERT INTO city (id, name, country) VALUES (252, 'Maputo', 123);
INSERT INTO city (id, name, country) VALUES (253, 'Windhoek', 124);
INSERT INTO city (id, name, country) VALUES (254, 'Yaren', 125);
INSERT INTO city (id, name, country) VALUES (255, 'Katmandú', 126);
INSERT INTO city (id, name, country) VALUES (256, 'Managua', 127);
INSERT INTO city (id, name, country) VALUES (257, 'Niamey', 128);
INSERT INTO city (id, name, country) VALUES (258, 'Abuya', 129);
INSERT INTO city (id, name, country) VALUES (259, 'Oslo', 130);
INSERT INTO city (id, name, country) VALUES (260, 'Wellington', 131);
INSERT INTO city (id, name, country) VALUES (261, 'Mascate', 132);
INSERT INTO city (id, name, country) VALUES (262, 'Ámsterdam', 133);
INSERT INTO city (id, name, country) VALUES (263, 'Islamabad', 134);
INSERT INTO city (id, name, country) VALUES (264, 'Melekeok', 135);
INSERT INTO city (id, name, country) VALUES (265, 'Panamá', 136);
INSERT INTO city (id, name, country) VALUES (266, 'Port Moresby', 137);
INSERT INTO city (id, name, country) VALUES (267, 'Asunción', 138);
INSERT INTO city (id, name, country) VALUES (268, 'Lima', 139);
INSERT INTO city (id, name, country) VALUES (269, 'Varsovia', 140);
INSERT INTO city (id, name, country) VALUES (270, 'Lisboa', 141);
INSERT INTO city (id, name, country) VALUES (271, 'Londres', 142);
INSERT INTO city (id, name, country) VALUES (272, 'Bangui', 143);
INSERT INTO city (id, name, country) VALUES (273, 'Praga', 144);
INSERT INTO city (id, name, country) VALUES (274, 'Skopie', 145);
INSERT INTO city (id, name, country) VALUES (275, 'Brazzaville', 146);
INSERT INTO city (id, name, country) VALUES (276, 'Kinsasa', 147);
INSERT INTO city (id, name, country) VALUES (277, 'Santo Domingo', 148);
INSERT INTO city (id, name, country) VALUES (278, 'Bloemfontein, Ciudad Del Cabo y Pretoria', 149);
INSERT INTO city (id, name, country) VALUES (279, 'Kigali', 150);
INSERT INTO city (id, name, country) VALUES (280, 'Bucarest', 151);
INSERT INTO city (id, name, country) VALUES (281, 'Moscú', 152);
INSERT INTO city (id, name, country) VALUES (282, 'Apia', 153);
INSERT INTO city (id, name, country) VALUES (283, 'Basseterre', 154);
INSERT INTO city (id, name, country) VALUES (284, 'San Marino', 155);
INSERT INTO city (id, name, country) VALUES (285, 'Kingstown', 156);
INSERT INTO city (id, name, country) VALUES (286, 'Castries', 157);
INSERT INTO city (id, name, country) VALUES (287, 'Santo Tomé', 158);
INSERT INTO city (id, name, country) VALUES (288, 'Dakar', 159);
INSERT INTO city (id, name, country) VALUES (289, 'Belgrado', 160);
INSERT INTO city (id, name, country) VALUES (290, 'Victoria', 161);
INSERT INTO city (id, name, country) VALUES (291, 'Freetown', 162);
INSERT INTO city (id, name, country) VALUES (292, 'Singapur', 163);
INSERT INTO city (id, name, country) VALUES (293, 'Damasco', 164);
INSERT INTO city (id, name, country) VALUES (294, 'Mogadiscio', 165);
INSERT INTO city (id, name, country) VALUES (295, 'Sri Jayewardenepura', 166);
INSERT INTO city (id, name, country) VALUES (296, 'Babane y Lobamba', 167);
INSERT INTO city (id, name, country) VALUES (297, 'Jartum', 168);
INSERT INTO city (id, name, country) VALUES (298, 'Yuba', 169);
INSERT INTO city (id, name, country) VALUES (299, 'Estocolmo', 170);
INSERT INTO city (id, name, country) VALUES (300, 'Berna', 171);
INSERT INTO city (id, name, country) VALUES (301, 'Paramaribo', 172);
INSERT INTO city (id, name, country) VALUES (302, 'Bangkok', 173);
INSERT INTO city (id, name, country) VALUES (303, 'Dodoma', 174);
INSERT INTO city (id, name, country) VALUES (304, 'Dusambé', 175);
INSERT INTO city (id, name, country) VALUES (305, 'Dili', 176);
INSERT INTO city (id, name, country) VALUES (306, 'Lomé', 177);
INSERT INTO city (id, name, country) VALUES (307, 'Nukualofa', 178);
INSERT INTO city (id, name, country) VALUES (308, 'Puerto España', 179);
INSERT INTO city (id, name, country) VALUES (309, 'Túnez', 180);
INSERT INTO city (id, name, country) VALUES (310, 'Asjabad', 181);
INSERT INTO city (id, name, country) VALUES (311, 'Ankara', 182);
INSERT INTO city (id, name, country) VALUES (312, 'Fongafale', 183);
INSERT INTO city (id, name, country) VALUES (313, 'Kiev', 184);
INSERT INTO city (id, name, country) VALUES (314, 'Kampala', 185);
INSERT INTO city (id, name, country) VALUES (315, 'Montevideo', 186);
INSERT INTO city (id, name, country) VALUES (316, 'Taskent', 187);
INSERT INTO city (id, name, country) VALUES (317, 'Port Vila', 188);
INSERT INTO city (id, name, country) VALUES (318, 'Caracas', 189);
INSERT INTO city (id, name, country) VALUES (319, 'Hanói', 190);
INSERT INTO city (id, name, country) VALUES (320, 'Saná', 191);
INSERT INTO city (id, name, country) VALUES (321, 'Yibuti', 192);
INSERT INTO city (id, name, country) VALUES (322, 'Lusaka', 193);
INSERT INTO city (id, name, country) VALUES (323, 'Harare', 194);
/** Crear empresa y producto */
INSERT INTO empresas (id, nit, razon_social, sector, ciudad, direccion, telefono, celular, email, web, servicio_domicilio) VALUES ('c646329d-f733-4bad-838e-53670f2f5adb', '123456', 'Nombre Empresa', 0, 44, 'Calle el rosario','974-6587', '300245879', 'nombre@empresa.com', 'www.empresa.com', true);
INSERT INTO productos (id, empresa, referencia, descripcion, precio, descuento, activo, domicilio, image_filename) VALUES ('7ab44c93-b924-40ea-baa2-d133e0ecb751', 'c646329d-f733-4bad-838e-53670f2f5adb', 'PC02541TCTEST', 'Computador de Mesa Acer Es1-432-p2m5 2,4 Gz Intel 4g 500g','1500000', '5', true, true, 'producto2.jpg');
INSERT INTO productos (id, empresa, referencia, descripcion, precio, descuento, activo, domicilio, image_filename) VALUES ('7ab44c93-b924-40ea-baa2-d133e0ecb752', 'c646329d-f733-4bad-838e-53670f2f5adb', 'PC02541TCTEST', 'Hamburguesa Rellena Burger Expert Silicona','12500', '5', true, true, 'hamburguesa.jpg');
INSERT INTO productos (id, empresa, referencia, descripcion, precio, descuento, activo, domicilio, image_filename) VALUES ('7ab44c93-b924-40ea-baa2-d133e0ecb753', 'c646329d-f733-4bad-838e-53670f2f5adb', 'PC02541TCTEST', 'Computador de Mesa Acer Es1-432-p2m5 2,4 Gz Intel 4g 500g','1500000', '5', true, true, 'producto2.jpg');
INSERT INTO productos (id, empresa, referencia, descripcion, precio, descuento, activo, domicilio, image_filename) VALUES ('7ab44c93-b924-40ea-baa2-d133e0ecb754', 'c646329d-f733-4bad-838e-53670f2f5adb', 'PC02541TCTEST', 'Computador de Mesa Acer Es1-432-p2m5 2,4 Gz Intel 4g 500g','1500000', '5', true, true, 'producto2.jpg');
INSERT INTO productos (id, empresa, referencia, descripcion, precio, descuento, activo, domicilio, image_filename) VALUES ('7ab44c93-b924-40ea-baa2-d133e0ecb755', 'c646329d-f733-4bad-838e-53670f2f5adb', 'PC02541TCTEST', 'Hamburguesa Rellena Burger Expert Silicona','1500000', '5', true, true, 'hamburguesa.jpg');
INSERT INTO productos (id, empresa, referencia, descripcion, precio, descuento, activo, domicilio, image_filename) VALUES ('7ab44c93-b924-40ea-baa2-d133e0ecb756', 'c646329d-f733-4bad-838e-53670f2f5adb', 'PC02541TCTEST', 'Computador de Mesa Acer Es1-432-p2m5 2,4 Gz Intel 4g 500g','1500000', '5', true, true, 'producto2.jpg');
INSERT INTO productos (id, empresa, referencia, descripcion, precio, descuento, activo, domicilio, image_filename) VALUES ('7ab44c93-b924-40ea-baa2-d133e0ecb757', 'c646329d-f733-4bad-838e-53670f2f5adb', 'PC02541TCTEST', 'Hamburguesa Rellena Burger Expert Silicona','1500000', '5', true, true, 'hamburguesa.jpg');
INSERT INTO productos (id, empresa, referencia, descripcion, precio, descuento, activo, domicilio, image_filename) VALUES ('7ab44c93-b924-40ea-baa2-d133e0ecb758', 'c646329d-f733-4bad-838e-53670f2f5adb', 'PC02541TCTEST', 'Hamburguesa Rellena Burger Expert Silicona','1500000', '5', true, true, 'hamburguesa.jpg');
INSERT INTO productos (id, empresa, referencia, descripcion, precio, descuento, activo, domicilio, image_filename) VALUES ('7ab44c93-b924-40ea-baa2-d133e0ecb759', 'c646329d-f733-4bad-838e-53670f2f5adb', 'PC02541TCTEST', 'Computador de Mesa Acer Es1-432-p2m5 2,4 Gz Intel 4g 500g','1500000', '5', true, true, 'producto2.jpg');
INSERT INTO productos (id, empresa, referencia, descripcion, precio, descuento, activo, domicilio, image_filename) VALUES ('7ab44c93-b924-40ea-baa2-d133e0ecb750', 'c646329d-f733-4bad-838e-53670f2f5adb', 'PC02541TCTEST', 'Computador de Mesa Acer Es1-432-p2m5 2,4 Gz Intel 4g 500g','1500000', '5', true, true, 'producto2.jpg');
INSERT INTO productos (id, empresa, referencia, descripcion, precio, descuento, activo, domicilio, image_filename) VALUES ('7ab44c93-b924-40ea-baa2-d133e0ecb711', 'c646329d-f733-4bad-838e-53670f2f5adb', 'PC02541TCTEST', 'Hamburguesa Rellena Burger Expert Silicona','1500000', '5', true, true, 'hamburguesa.jpg');
INSERT INTO productos (id, empresa, referencia, descripcion, precio, descuento, activo, domicilio, image_filename) VALUES ('7ab44c93-b924-40ea-baa2-d133e0ecb729', 'c646329d-f733-4bad-838e-53670f2f5adb', 'PC02541TCTEST', 'Computador de Mesa Acer Es1-432-p2m5 2,4 Gz Intel 4g 500g','1500000', '5', true, true, 'producto2.jpg');
INSERT INTO productos (id, empresa, referencia, descripcion, precio, descuento, activo, domicilio, image_filename) VALUES ('7ab44c93-b924-40ea-baa2-d133e0ecb738', 'c646329d-f733-4bad-838e-53670f2f5adb', 'PC02541TCTEST', 'Computador de Mesa Acer Es1-432-p2m5 2,4 Gz Intel 4g 500g','1500000', '5', true, true, 'producto2.jpg');
INSERT INTO productos (id, empresa, referencia, descripcion, precio, descuento, activo, domicilio, image_filename) VALUES ('7ab44c93-b924-40ea-baa2-d133e0ecb747', 'c646329d-f733-4bad-838e-53670f2f5adb', 'PC02541TCTEST', 'Computador de Mesa Acer Es1-432-p2m5 2,4 Gz Intel 4g 500g','1500000', '5', true, true, 'producto2.jpg');
INSERT INTO productos (id, empresa, referencia, descripcion, precio, descuento, activo, domicilio, image_filename) VALUES ('7ab44c93-b924-40ea-baa2-d133e0ecb766', 'c646329d-f733-4bad-838e-53670f2f5adb', 'PC02541TCTEST', 'Computador de Mesa Acer Es1-432-p2m5 2,4 Gz Intel 4g 500g','1500000', '5', true, true, 'producto2.jpg');
INSERT INTO productos (id, empresa, referencia, descripcion, precio, descuento, activo, domicilio, image_filename) VALUES ('7ab44c93-b924-40ea-baa2-d133e0ecb775', 'c646329d-f733-4bad-838e-53670f2f5adb', 'PC02541TCTEST', 'Computador de Mesa Acer Es1-432-p2m5 2,4 Gz Intel 4g 500g','1500000', '5', true, true, 'producto2.jpg');
INSERT INTO productos (id, empresa, referencia, descripcion, precio, descuento, activo, domicilio, image_filename) VALUES ('7ab44c93-b924-40ea-baa2-d133e0ecb784', 'c646329d-f733-4bad-838e-53670f2f5adb', 'PC02541TCTEST', 'Computador de Mesa Acer Es1-432-p2m5 2,4 Gz Intel 4g 500g','1500000', '5', true, true, 'producto2.jpg');
INSERT INTO productos (id, empresa, referencia, descripcion, precio, descuento, activo, domicilio, image_filename) VALUES ('7ab44c93-b924-40ea-baa2-d133e0ecb793', 'c646329d-f733-4bad-838e-53670f2f5adb', 'PC02541TCTEST', 'Computador de Mesa Acer Es1-432-p2m5 2,4 Gz Intel 4g 500g','1500000', '5', true, true, 'producto2.jpg');
INSERT INTO productos (id, empresa, referencia, descripcion, precio, descuento, activo, domicilio, image_filename) VALUES ('7ab44c93-b924-40ea-baa2-d133e0ecb702', 'c646329d-f733-4bad-838e-53670f2f5adb', 'PC02541TCTEST', 'Computador de Mesa Acer Es1-432-p2m5 2,4 Gz Intel 4g 500g','1500000', '5', true, true, 'producto2.jpg');
INSERT INTO productos (id, empresa, referencia, descripcion, precio, descuento, activo, domicilio, image_filename) VALUES ('7ab44c93-b924-40ea-baa2-d133e0ecb411', 'c646329d-f733-4bad-838e-53670f2f5adb', 'PC02541TCTEST', 'Computador de Mesa Acer Es1-432-p2m5 2,4 Gz Intel 4g 500g','1500000', '5', true, true, 'producto2.jpg');